id,name,country
1,Photobug,China
2,Yamia,Philippines
3,Mydeo,Bahrain
4,Roodel,Russia
5,Fadeo,Tunisia
6,Tanoodle,Brazil
7,Vimbo,China
8,Kwilith,Vietnam
9,Kaymbo,Poland
10,Browsezoom,United States
11,Wordware,Paraguay
12,Zooveo,Ukraine
13,Feedmix,China
14,Camido,Greece
15,Topicware,China
16,Skinte,Greece
17,Dabtype,Spain
18,Skipfire,United States
19,Jaxnation,Uruguay
20,Yakijo,United States
21,Aimbo,Nigeria
22,Dablist,Brazil
23,Yoveo,Indonesia
24,Tavu,Indonesia
25,Flipopia,United States
26,Photobug,Guatemala
27,Realcube,Brazil
28,Eimbee,Luxembourg
29,Plambee,Vietnam
30,Realbuzz,France
31,Ailane,Portugal
32,Skinder,China
33,Demivee,Philippines
34,Blognation,Argentina
35,Gabtype,China
36,Leenti,Indonesia
37,Twinte,China
38,Teklist,Saudi Arabia
39,Myworks,Greece
40,Brainverse,South Africa
41,Voolith,China
42,Babbleblab,Brazil
43,Livefish,Philippines
44,JumpXS,Maldives
45,Youtags,Morocco
46,Thoughtblab,Russia
47,Pixoboo,China
48,Zoombeat,France
49,Gabcube,Argentina
50,Roombo,Peru
51,Jaxspan,Japan
52,Yata,China
53,BlogXS,Portugal
54,Topiclounge,Canada
55,Skippad,Poland
56,Twimbo,France
57,Meevee,Indonesia
58,Aibox,Philippines
59,Viva,Mongolia
60,Chatterpoint,China
61,Midel,Colombia
62,Dabtype,China
63,Centizu,China
64,Quatz,Uganda
65,Tagpad,Indonesia
66,Tanoodle,Colombia
67,Skiba,Indonesia
68,Topdrive,Sweden
69,Quatz,Belarus
70,Realfire,Iran
71,Abatz,Indonesia
72,Brainverse,Philippines
73,Jabbercube,China
74,Shuffletag,Portugal
75,Gabtune,Philippines
76,Flashdog,China
77,Roodel,China
78,Oyoba,Colombia
79,Innotype,China
80,Gigashots,France
81,Avamm,Thailand
82,Trupe,Peru
83,Cogidoo,Czech Republic
84,Fivespan,Thailand
85,Tagchat,Japan
86,Feednation,Pakistan
87,Skyvu,China
88,Thoughtblab,Poland
89,Skibox,Sweden
90,Teklist,Poland
91,Oyope,Indonesia
92,Yadel,Indonesia
93,Meedoo,China
94,JumpXS,Iran
95,Topicshots,France
96,Digitube,Philippines
97,Quaxo,Mexico
98,Latz,Finland
99,Eamia,Russia
100,Youspan,France
101,Gabcube,Canada
102,Leexo,Philippines
103,Jetpulse,China
104,Eabox,Nigeria
105,Mymm,China
106,Pixonyx,China
107,Realcube,Luxembourg
108,BlogXS,China
109,Jayo,Indonesia
110,Chatterbridge,Philippines
111,Youfeed,Indonesia
112,Youopia,Dominican Republic
113,Quimba,China
114,Flipopia,China
115,Shuffletag,Pakistan
116,Dazzlesphere,Poland
117,Buzzshare,Thailand
118,Dabfeed,Ukraine
119,Fiveclub,Philippines
120,Zoonoodle,Albania
121,Skyndu,Poland
122,Yodo,Armenia
123,Feedspan,Jordan
124,Shufflebeat,Indonesia
125,Midel,Mongolia
126,Skalith,Vietnam
127,Twitterworks,Ukraine
128,Flashset,Indonesia
129,Gigaclub,Japan
130,Voolith,Philippines
131,Jaxworks,Indonesia
132,Chatterbridge,Russia
133,Vimbo,China
134,Wikizz,Czech Republic
135,Quinu,China
136,Buzzster,Russia
137,Janyx,Russia
138,Katz,Syria
139,Trilia,Micronesia
140,Devcast,United States
141,Edgeblab,Pakistan
142,Zoozzy,Indonesia
143,Shuffletag,Peru
144,Edgeclub,China
145,Yakidoo,Russia
146,Buzzbean,Indonesia
147,Skynoodle,China
148,Tagtune,China
149,Tagfeed,Mexico
150,Livetube,Pakistan
151,Thoughtmix,Brazil
152,Jayo,Russia
153,Rhynoodle,Canada
154,Realcube,China
155,Zooveo,Venezuela
156,Youspan,China
157,Rooxo,Ivory Coast
158,Dabfeed,Uzbekistan
159,Thoughtworks,United States
160,Skalith,Russia
161,Oloo,Russia
162,Tazz,Greece
163,Rooxo,United States
164,Zoovu,Indonesia
165,Dablist,Georgia
166,Brainsphere,Ecuador
167,Trupe,Portugal
168,Realcube,Sweden
169,Feedbug,Sweden
170,Mudo,Norway
171,Bubbletube,China
172,Jaxnation,Indonesia
173,Fadeo,Russia
174,Meezzy,Ghana
175,Voolia,China
176,Wikibox,Iran
177,Rhynyx,Argentina
178,Topicshots,Portugal
179,Demimbu,Czech Republic
180,Talane,Brazil
181,Dynazzy,Croatia
182,Dazzlesphere,South Korea
183,Fliptune,Ukraine
184,Vinte,Peru
185,Jabbercube,Philippines
186,Minyx,China
187,Kaymbo,Trinidad and Tobago
188,Zoonder,Albania
189,Oodoo,China
190,Voonix,Brazil
191,Pixope,Iran
192,Quaxo,Moldova
193,Camido,Russia
194,Kamba,Brazil
195,Photolist,Czech Republic
196,Oyoloo,Greece
197,Linkbuzz,Peru
198,Dazzlesphere,Morocco
199,DabZ,Poland
200,Devcast,China
201,Realcube,Philippines
202,Twitternation,Serbia
203,Skipfire,Mongolia
204,Jaxworks,Pakistan
205,Aimbu,Greece
206,Demizz,Palestinian Territory
207,Tagcat,Poland
208,Brainverse,Czech Republic
209,Eayo,Sweden
210,Realmix,China
211,Divape,Poland
212,Kwideo,Indonesia
213,Centimia,Kyrgyzstan
214,Rhyloo,China
215,Flashset,Mauritania
216,Skynoodle,Poland
217,Zoonder,Peru
218,Thoughtblab,United States
219,Oyoba,Portugal
220,Mydeo,Japan
221,Voonder,Philippines
222,Quaxo,Palestinian Territory
223,Eadel,Kazakhstan
224,Quinu,China
225,Pixonyx,Philippines
226,Yodel,Luxembourg
227,Eabox,Russia
228,Jetwire,Ukraine
229,Twitterbridge,China
230,Brightbean,United States
231,Demimbu,Poland
232,Kazio,East Timor
233,Quimba,Brazil
234,LiveZ,France
235,Wikivu,China
236,Cogibox,Sweden
237,Photobug,Brazil
238,Youbridge,France
239,Eabox,Indonesia
240,Gevee,Sweden
241,Myworks,United States
242,Eimbee,Netherlands
243,Devify,Portugal
244,Realcube,Brazil
245,Agivu,Syria
246,Photojam,Uganda
247,Yozio,Armenia
248,Voonder,China
249,Meemm,Pakistan
250,Jaxworks,Indonesia
251,Trunyx,United States
252,Fivechat,Cameroon
253,Voolith,Tanzania
254,Dazzlesphere,Brazil
255,Rhynoodle,China
256,Topicshots,Bosnia and Herzegovina
257,Browsedrive,Indonesia
258,Twitterbridge,Canada
259,Fiveclub,Indonesia
260,Digitube,Poland
261,Einti,Poland
262,Yakijo,Egypt
263,Divanoodle,Philippines
264,Leenti,Indonesia
265,Roombo,Tanzania
266,Rhynyx,Tanzania
267,Quire,Russia
268,Gabvine,China
269,Rhynyx,China
270,Jazzy,China
271,Plambee,Cambodia
272,Avaveo,Indonesia
273,Youspan,Mongolia
274,Izio,Indonesia
275,Mydeo,Indonesia
276,Myworks,Colombia
277,Meedoo,Malaysia
278,Jaxworks,Ukraine
279,Livetube,Jordan
280,Yakijo,Indonesia
281,Bubblemix,Russia
282,Rhycero,China
283,Brightbean,Ivory Coast
284,Yoveo,Sweden
285,Rooxo,Russia
286,Demivee,Czech Republic
287,Digitube,Japan
288,Gevee,Costa Rica
289,Gevee,Indonesia
290,Shufflebeat,France
291,Oyonder,Indonesia
292,Flashpoint,Indonesia
293,Zoomlounge,United States
294,Realbridge,Portugal
295,Twitterworks,China
296,Dazzlesphere,Colombia
297,Tavu,Russia
298,Bubblebox,China
299,Lajo,Poland
300,Topicware,Slovenia
301,Yodel,Philippines
302,Zoomzone,Morocco
303,Roomm,France
304,Demivee,Russia
305,Meezzy,Indonesia
306,Bluezoom,Honduras
307,Brainverse,China
308,Yoveo,North Korea
309,Gabvine,Slovenia
310,Zoonoodle,China
311,Topdrive,Sweden
312,Buzzshare,Indonesia
313,Dabjam,Thailand
314,Kayveo,Japan
315,Youtags,China
316,Kwinu,China
317,Skivee,Canada
318,Feedbug,Indonesia
319,Linktype,Indonesia
320,Voomm,Ireland
321,Skipfire,Bangladesh
322,Lajo,Poland
323,Fatz,Jordan
324,Realpoint,China
325,Voonte,Philippines
326,Roomm,Canada
327,Buzzster,China
328,Edgeblab,Mauritania
329,Oyope,China
330,Dabjam,Indonesia
331,Wikido,Gabon
332,Quimba,China
333,Latz,Morocco
334,Myworks,China
335,Twinte,Indonesia
336,Trudoo,Uruguay
337,Devshare,Philippines
338,Agivu,Portugal
339,Skinder,Peru
340,Kaymbo,Saudi Arabia
341,Wordware,Portugal
342,Trudeo,Syria
343,Blogtags,China
344,Twimm,Indonesia
345,Voomm,Ethiopia
346,Trilith,China
347,Linktype,Portugal
348,Avamm,Portugal
349,Thoughtbeat,Philippines
350,Tambee,United States
351,Skynoodle,China
352,Myworks,Jordan
353,Gabvine,Malaysia
354,Oyoloo,United States
355,Mynte,Finland
356,Tagcat,Indonesia
357,Topiczoom,China
358,Jamia,Comoros
359,Gigaclub,China
360,Buzzster,Pakistan
361,Gabcube,China
362,Ntags,Haiti
363,Eimbee,Russia
364,Einti,Philippines
365,Dabjam,Argentina
366,Feedspan,Indonesia
367,Trunyx,Indonesia
368,Buzzdog,Finland
369,Ainyx,Netherlands
370,Kamba,Sweden
371,Wordtune,China
372,Zava,Nigeria
373,Katz,Uzbekistan
374,Trilith,Indonesia
375,Linklinks,Sweden
376,Realfire,United States
377,Dabfeed,Sweden
378,Devcast,France
379,Vitz,Argentina
380,Zooxo,Philippines
381,Skaboo,Honduras
382,Trunyx,China
383,Oyoloo,Colombia
384,Twinder,Colombia
385,Fivebridge,Ukraine
386,Zoozzy,Tajikistan
387,Oozz,China
388,Mynte,Oman
389,Wordtune,Swaziland
390,Rhyzio,Tajikistan
391,Yodoo,Canada
392,Linktype,Portugal
393,Zoonoodle,Costa Rica
394,Eabox,Mayotte
395,Flashset,Mexico
396,Vinte,Palestinian Territory
397,Oyoba,Poland
398,Fadeo,Portugal
399,Bubblebox,Ghana
400,Voonder,Russia
401,Jatri,Peru
402,Cogilith,Russia
403,Photofeed,China
404,Kwilith,Peru
405,Dynabox,Philippines
406,Feedspan,Belarus
407,Babblestorm,Czech Republic
408,Twinte,Philippines
409,Yacero,Indonesia
410,Jabberstorm,Montenegro
411,Flipstorm,Poland
412,Zoomcast,Indonesia
413,Skyble,Indonesia
414,Rhyzio,South Africa
415,Kwilith,Philippines
416,Feedspan,Poland
417,Youopia,Argentina
418,Brainsphere,Morocco
419,Skibox,China
420,Zoomdog,China
421,Yadel,Brazil
422,Skidoo,Indonesia
423,Shufflester,Philippines
424,Yombu,United States
425,Blogtags,Norway
426,Babbleset,Argentina
427,Meevee,Mauritius
428,Fivespan,China
429,Eare,China
430,Devpoint,Panama
431,Shufflebeat,Indonesia
432,Ainyx,China
433,Blognation,Palestinian Territory
434,Einti,Sweden
435,Fivespan,China
436,Jayo,France
437,Myworks,Albania
438,Bluejam,Ukraine
439,Abatz,Nigeria
440,Wordify,Philippines
441,Katz,Brazil
442,Ozu,Chile
443,Camido,Yemen
444,Rhynyx,China
445,Brainsphere,China
446,Photofeed,Ukraine
447,Minyx,Tajikistan
448,Ainyx,Mongolia
449,Flipbug,France
450,Leexo,Czech Republic
451,Bubblemix,Greece
452,Oyoloo,Indonesia
453,Camido,Mexico
454,Ailane,China
455,Thoughtmix,Portugal
456,Plambee,Germany
457,Thoughtsphere,Macedonia
458,Voomm,Russia
459,Realcube,Czech Republic
460,Oyondu,Philippines
461,Yodel,Azerbaijan
462,Pixope,China
463,Kanoodle,Philippines
464,Fadeo,Greece
465,Topiclounge,Indonesia
466,Zoonder,Russia
467,Edgeblab,Thailand
468,Buzzbean,China
469,Brainverse,Madagascar
470,Leenti,Pakistan
471,Photolist,Palestinian Territory
472,Roodel,Vietnam
473,Tagcat,Kazakhstan
474,Realbridge,China
475,Gabtype,Uruguay
476,Eidel,Russia
477,Eare,China
478,Trudeo,Russia
479,Twitternation,Portugal
480,Zoonoodle,Indonesia
481,Photospace,United Kingdom
482,Meezzy,Russia
483,Yozio,China
484,Fadeo,Philippines
485,Feedspan,Czech Republic
486,Tanoodle,Malaysia
487,Realcube,China
488,Blognation,Portugal
489,Kazio,Ukraine
490,Edgetag,Ukraine
491,Topiczoom,Tajikistan
492,Babbleopia,China
493,Eire,Sweden
494,Bubblemix,Philippines
495,Demizz,United States
496,Oloo,Portugal
497,Yacero,Japan
498,Dabshots,Italy
499,Skimia,Japan
500,Tekfly,China
501,Tagtune,Philippines
502,Buzzshare,Brazil
503,Ailane,Philippines
504,Meedoo,China
505,Twitterlist,Kenya
506,Zoomzone,Russia
507,Bubbletube,Indonesia
508,Avaveo,Colombia
509,Babbleopia,Philippines
510,Fivebridge,Canada
511,Feedfish,Portugal
512,Feednation,Paraguay
513,Meemm,Faroe Islands
514,Skibox,Indonesia
515,Agivu,Libya
516,Podcat,Tanzania
517,Browsetype,Brazil
518,Photojam,Indonesia
519,Photobean,Finland
520,Twitterlist,Yemen
521,Zoonoodle,Ireland
522,Thoughtstorm,Benin
523,Pixoboo,China
524,Trupe,Sweden
525,Oyoloo,Philippines
526,Skynoodle,Indonesia
527,Jabbersphere,Portugal
528,Jetpulse,Portugal
529,Blogspan,China
530,Devpoint,Slovenia
531,Plajo,United States
532,Tagcat,China
533,Skipfire,China
534,Mita,South Africa
535,Trudeo,Honduras
536,Yacero,Portugal
537,Tagopia,Nigeria
538,Jabberbean,Indonesia
539,Zazio,Ecuador
540,Aibox,China
541,Dynabox,Georgia
542,Rhyloo,Spain
543,Wikibox,Armenia
544,Tagtune,Indonesia
545,Eire,Croatia
546,Quimm,Bulgaria
547,Fadeo,Jamaica
548,Jetpulse,Iran
549,Oyoba,Poland
550,Voomm,France
551,Rhyloo,Indonesia
552,Fatz,Philippines
553,Geba,France
554,Zoombox,Libya
555,Photospace,Malaysia
556,Miboo,Russia
557,Yotz,China
558,Skidoo,Ukraine
559,Twitternation,China
560,Gigaclub,Netherlands
561,Tagtune,China
562,Oyonder,Sierra Leone
563,Skiptube,Portugal
564,Mymm,China
565,Oyonder,China
566,Twitterbridge,Sri Lanka
567,Yamia,Indonesia
568,Edgepulse,Indonesia
569,Plambee,Indonesia
570,Tanoodle,China
571,Thoughtmix,Finland
572,Jabbersphere,Niger
573,Skipstorm,Czech Republic
574,Voonix,Bulgaria
575,Blogtag,France
576,Fanoodle,Russia
577,Zoomcast,Albania
578,Livetube,El Salvador
579,Photofeed,Saint Kitts and Nevis
580,Linktype,Palestinian Territory
581,Gabspot,Argentina
582,Youspan,Brazil
583,InnoZ,Indonesia
584,Midel,Panama
585,Skyble,France
586,Omba,Indonesia
587,Voonder,Indonesia
588,Mudo,Thailand
589,Yata,Brazil
590,Avavee,Brazil
591,Youopia,Russia
592,Wikibox,Thailand
593,Shufflester,Poland
594,Mita,Jamaica
595,Youspan,Pakistan
596,Avaveo,Portugal
597,Zoomlounge,Finland
598,Thoughtworks,United States
599,Quaxo,Colombia
600,Tagchat,China
601,Gabcube,Argentina
602,Jabbertype,Egypt
603,Trilith,China
604,Eayo,France
605,Skinte,Colombia
606,Lajo,Czech Republic
607,Yombu,France
608,Skalith,New Zealand
609,Jayo,Portugal
610,Livetube,Poland
611,Eidel,Indonesia
612,Ainyx,Russia
613,Quimm,Mexico
614,Chatterpoint,Peru
615,Yakidoo,Russia
616,Pixoboo,China
617,Twitterworks,China
618,Thoughtstorm,Russia
619,Roodel,Vietnam
620,Eabox,Serbia
621,InnoZ,Russia
622,Avamm,Argentina
623,Tagcat,Brazil
624,Podcat,Bulgaria
625,Kayveo,Portugal
626,Edgeclub,Ireland
627,Tagfeed,Sweden
628,Realcube,Indonesia
629,Shufflester,France
630,Tagopia,Benin
631,Fadeo,China
632,Ozu,Philippines
633,Jabbercube,Portugal
634,Agivu,Afghanistan
635,Lazz,China
636,Rhyloo,Russia
637,Buzzster,Brazil
638,Skyble,United States
639,Quinu,China
640,Mynte,Peru
641,Jayo,Japan
642,Jazzy,Russia
643,Devpulse,United States
644,Mynte,Philippines
645,Quinu,Philippines
646,Vimbo,China
647,Wordify,Georgia
648,Wikizz,Indonesia
649,Gabvine,Venezuela
650,Thoughtworks,Portugal
651,Devshare,Sweden
652,Tagchat,Jamaica
653,Centimia,Nicaragua
654,Livetube,China
655,Tambee,Paraguay
656,Devpoint,Honduras
657,Browsedrive,France
658,Yodel,Paraguay
659,Roodel,Peru
660,Skyble,Indonesia
661,Skyvu,Japan
662,Demimbu,South Africa
663,Meetz,Morocco
664,Kwideo,China
665,Brainlounge,Indonesia
666,Chatterpoint,Poland
667,Skipstorm,Honduras
668,Thoughtstorm,Indonesia
669,Feedfish,France
670,Zazio,Poland
671,Fatz,Indonesia
672,Abatz,Colombia
673,Quatz,Cameroon
674,Geba,Poland
675,Rhycero,China
676,Linkbuzz,China
677,Fanoodle,Russia
678,Aibox,Poland
679,Twitterbeat,Brazil
680,Topicstorm,China
681,Voonyx,China
682,Miboo,China
683,Quimba,Brazil
684,Skibox,Greece
685,Shufflester,China
686,Yambee,Mongolia
687,Gabtune,Slovenia
688,Jabbertype,Philippines
689,Skinder,Russia
690,Zoonoodle,Pakistan
691,Wikivu,Portugal
692,Devpoint,Guatemala
693,Topicstorm,United States
694,Browsecat,Russia
695,Meevee,Armenia
696,Tanoodle,Indonesia
697,Kwimbee,Brazil
698,Yakijo,China
699,Zoomlounge,China
700,Kare,Venezuela
701,JumpXS,Russia
702,Shufflebeat,Cameroon
703,Browsetype,Indonesia
704,Kwimbee,Afghanistan
705,Vinder,Indonesia
706,Oloo,Peru
707,Flipbug,Poland
708,Thoughtbridge,Poland
709,Trilia,Argentina
710,Centidel,Serbia
711,Gigazoom,Indonesia
712,Blogtags,Indonesia
713,Edgeify,China
714,Trupe,Dominican Republic
715,Shufflebeat,Bangladesh
716,Flashset,Japan
717,Devpulse,China
718,Thoughtmix,Peru
719,Tambee,Sweden
720,Mybuzz,Indonesia
721,Midel,Vietnam
722,Divape,Thailand
723,LiveZ,United States
724,Geba,Ivory Coast
725,Nlounge,Russia
726,Edgeclub,Russia
727,Voolith,Thailand
728,Reallinks,Indonesia
729,Jaxbean,Mexico
730,Talane,United States
731,Voolith,China
732,Brainbox,Panama
733,Wikivu,Argentina
734,Wikibox,Brazil
735,Kwinu,United States
736,Bluejam,Cuba
737,Divape,Japan
738,Jaloo,Zambia
739,Zoombeat,Syria
740,Pixonyx,Philippines
741,Meembee,Portugal
742,Bubblebox,Philippines
743,Brainverse,Philippines
744,Edgeblab,China
745,Jaxnation,Iran
746,Katz,Papua New Guinea
747,Skilith,China
748,Skidoo,Serbia
749,Tagfeed,Russia
750,Oyoyo,Mexico
751,Eabox,Turkmenistan
752,Kanoodle,China
753,Meetz,Portugal
754,Twimm,China
755,Topiczoom,Ukraine
756,Buzzshare,Kenya
757,Fivebridge,China
758,Tagopia,Russia
759,Yabox,China
760,Yakidoo,Japan
761,Feedspan,Nigeria
762,Shufflester,Japan
763,Youbridge,China
764,Riffwire,South Africa
765,Skinder,China
766,Shufflebeat,Portugal
767,Meetz,France
768,Wikido,Norway
769,Meetz,Philippines
770,Chatterpoint,China
771,Skidoo,China
772,Riffpath,Argentina
773,Shufflester,Czech Republic
774,Agimba,Japan
775,Trilia,China
776,Gevee,Latvia
777,Skimia,Indonesia
778,Twitterworks,Indonesia
779,Eare,China
780,Innotype,China
781,Trilith,Brazil
782,Feedmix,United States
783,Wordware,Argentina
784,Linktype,United States
785,Meetz,Philippines
786,Viva,Poland
787,Rhycero,China
788,Browsetype,France
789,Riffpath,Russia
790,Browsebug,Kazakhstan
791,Quamba,Sweden
792,Leenti,Russia
793,Layo,Nigeria
794,Jaxworks,Finland
795,Oyonder,Serbia
796,Quaxo,Indonesia
797,Mydeo,Venezuela
798,Quinu,United States
799,Teklist,Nigeria
800,Riffwire,Canada
801,Ntag,Czech Republic
802,Quire,Philippines
803,Meembee,China
804,Tazz,Japan
805,Rhynoodle,Brazil
806,Divape,Palestinian Territory
807,Geba,Slovenia
808,Tazzy,Portugal
809,Eidel,Czech Republic
810,Brainverse,China
811,Yakitri,China
812,Fivespan,Peru
813,Oyondu,China
814,Gabcube,Indonesia
815,Omba,Norway
816,Podcat,Greece
817,Wikizz,Greece
818,Topdrive,Portugal
819,Kayveo,Germany
820,Browseblab,Philippines
821,Photojam,Brazil
822,Wordify,South Africa
823,Rhynyx,Indonesia
824,Gabvine,Poland
825,DabZ,Indonesia
826,Geba,France
827,Linklinks,South Korea
828,Trunyx,Portugal
829,Kazio,China
830,Wordtune,Indonesia
831,Meejo,Madagascar
832,Demimbu,Russia
833,Dynava,Uzbekistan
834,Quire,Palestinian Territory
835,Cogidoo,China
836,Flashpoint,China
837,Miboo,Japan
838,Meedoo,China
839,Jabbertype,China
840,Bubbletube,Brazil
841,Lazz,China
842,Thoughtstorm,Norway
843,Gabtune,Belarus
844,Wordtune,China
845,Brightbean,China
846,Kazu,Vietnam
847,Fivespan,China
848,Mudo,Poland
849,Teklist,China
850,Youtags,China
851,Meemm,Serbia
852,Photospace,Belarus
853,Brainlounge,South Africa
854,Livefish,Honduras
855,Yambee,Bosnia and Herzegovina
856,Eidel,Sweden
857,Talane,Paraguay
858,Wordpedia,Brazil
859,Skippad,Poland
860,Ntags,Nigeria
861,Kwideo,Argentina
862,Kimia,Czech Republic
863,Blogpad,Dominican Republic
864,Skajo,Brazil
865,Edgewire,Israel
866,Yambee,Portugal
867,Mydo,China
868,Realfire,China
869,Zoombox,Morocco
870,Muxo,Sweden
871,Shuffletag,Indonesia
872,Twinder,Vietnam
873,Wikido,Libya
874,Dynava,United States
875,Roomm,Canada
876,Kaymbo,China
877,Vinder,Japan
878,Livefish,France
879,Jaxworks,Brazil
880,InnoZ,Indonesia
881,Topiczoom,Brazil
882,Topicblab,China
883,Quimm,Nicaragua
884,Kimia,Portugal
885,Quimm,Brazil
886,Youopia,Paraguay
887,Demimbu,Sweden
888,Innojam,Russia
889,Rhyloo,Brazil
890,Oyoloo,China
891,Jabbersphere,Poland
892,Skipstorm,Argentina
893,Oyonder,Russia
894,Lazzy,Finland
895,Twitternation,Indonesia
896,Trudoo,Portugal
897,Jaloo,France
898,Gabspot,Indonesia
899,Fadeo,Russia
900,Skimia,Indonesia
901,Babblestorm,Indonesia
902,Jabberbean,Brazil
903,Zoombox,Poland
904,Lazz,China
905,Lazzy,United States
906,Vipe,China
907,Bluejam,Japan
908,Aimbu,Colombia
909,Rhyzio,Brazil
910,Feedmix,Indonesia
911,Skibox,Honduras
912,Mybuzz,China
913,Riffwire,United States
914,Realcube,Indonesia
915,Youfeed,Philippines
916,Vinder,Central African Republic
917,Mydo,Indonesia
918,Skivee,Russia
919,Katz,Brazil
920,Babbleopia,Sierra Leone
921,Eamia,China
922,Realbridge,Honduras
923,Eamia,China
924,Skidoo,China
925,Buzzdog,Russia
926,Skiba,Colombia
927,Realblab,China
928,Kwinu,Poland
929,Feedfish,China
930,Brightbean,Russia
931,Browsebug,Indonesia
932,Realcube,Sweden
933,Ntag,Thailand
934,Roomm,Philippines
935,Jayo,Indonesia
936,Fatz,China
937,Browsezoom,Poland
938,Thoughtworks,Japan
939,Eimbee,China
940,Realblab,Brazil
941,Aimbo,China
942,Riffwire,China
943,Meejo,Japan
944,Zoozzy,Sudan
945,Riffpedia,Ukraine
946,Wordware,Russia
947,Aivee,China
948,Topicblab,China
949,Buzzster,Thailand
950,Dablist,Russia
951,Roodel,Brazil
952,Eayo,Philippines
953,Topiclounge,Philippines
954,JumpXS,Tunisia
955,Buzzster,Oman
956,Mymm,Brazil
957,Yombu,Indonesia
958,Buzzster,Nigeria
959,Eamia,Philippines
960,Trilia,China
961,Voolith,Indonesia
962,Jabbercube,Nicaragua
963,Skiba,Brazil
964,Edgeblab,Indonesia
965,Yodo,Fiji
966,Kaymbo,China
967,Thoughtbeat,Poland
968,Oyondu,Indonesia
969,Jabberbean,China
970,Realpoint,Portugal
971,Mynte,Peru
972,Zazio,Portugal
973,Leexo,Honduras
974,Youbridge,South Korea
975,Yata,Poland
976,Yakijo,Japan
977,Thoughtstorm,Indonesia
978,Skyble,China
979,Trudeo,Cuba
980,Edgetag,Cuba
981,Quinu,Guatemala
982,Plambee,Philippines
983,Linklinks,Nigeria
984,Muxo,Russia
985,Mymm,Macedonia
986,Mynte,Poland
987,Youspan,Kiribati
988,Feednation,China
989,Omba,Portugal
990,Vinder,Luxembourg
991,Browsebug,Bulgaria
992,Centimia,Czech Republic
993,Realpoint,France
994,Dabjam,Indonesia
995,Tazz,Poland
996,Yadel,China
997,Katz,Indonesia
998,Dazzlesphere,China
999,Izio,Brazil
1000,Youfeed,Indonesia
